category,itemA,itemB
Actors & Actresses,Leonardo DiCaprio,Brad Pitt
Actors & Actresses,Sandra Bullock,Charlize Theron
Actors & Actresses,Tom Hanks,Denzel Washington
Actors & Actresses,Meryl Streep,Viola Davis
Actors & Actresses,Dwayne Johnson,Chris Hemsworth
Actors & Actresses,Ryan Reynolds,Ryan Gosling
Actors & Actresses,Zendaya,Margot Robbie
Actors & Actresses,Jennifer Lawrence,Emma Stone
Actors & Actresses,Scarlett Johansson,Gal Gadot
Actors & Actresses,Keanu Reeves,Tom Cruise
Actors & Actresses,Angelina Jolie,Jennifer Aniston
Actors & Actresses,Chris Evans,Chris Pratt
Actors & Actresses,Timothee Chalamet,Tom Holland
Actors & Actresses,Morgan Freeman,Samuel L. Jackson
Actors & Actresses,Jim Carrey,Adam Sandler
Actors & Actresses,Will Ferrell,Steve Carell
Actors & Actresses,Zendaya,Sydney Sweeney
Actors & Actresses,Florence Pugh,Anya Taylor-Joy
Actors & Actresses,Glen Powell,Austin Butler
Actors & Actresses,Will Smith,Denzel Washington
Comics & Superheroes,Spider-Man,Wolverine
Comics & Superheroes,X-Men,Avengers
Comics & Superheroes,Deadpool,Wolverine
Comics & Superheroes,Iron Man,Batman
Comics & Superheroes,Thor,Hulk
Comics & Superheroes,Wonder Woman,Captain Marvel
Comics & Superheroes,Joker,Thanos
Comics & Superheroes,Superman,Goku
Comics & Superheroes,Venom,Carnage
Comics & Superheroes,The Flash,Quicksilver
Comics & Superheroes,Green Lantern,Iron Man
Comics & Superheroes,X-Men,Justice League
Comics & Superheroes,Spider-Man,Batman
Comics & Superheroes,Black Panther,Iron Man
Comics & Superheroes,Harley Quinn,Wonder Woman
Comics & Superheroes,Marvel Villains,DC Villains
Comics & Superheroes,Captain America,Batman
Comics & Superheroes,Wolverine,The Hulk
Comedy Movies,Dumb and Dumber,Billy Madison
Comedy Movies,Anchorman,Step Brothers
Comedy Movies,Superbad,Grown Ups
Comedy Movies,Home Alone,Elf
Comedy Movies,The Hangover,Superbad
Comedy Movies,Zoolander,Napoleon Dynamite
Comedy Movies,Ace Ventura,Billy Madison
Comedy Movies,Happy Gilmore,Billy Madison
Comedy Movies,Grown Ups,The Hangover
Comedy Movies,Airplane,The Naked Gun
Comedy Movies,Bridesmaids,Mean Girls
Comedy Movies,Ferris Bueller's Day Off,Ace Ventura
Classic Rock,Mick Jagger,Robert Plant
Classic Rock,Rolling Stones,Led Zeppelin
Classic Rock,Eric Clapton,Jimi Hendrix
Classic Rock,Fleetwood Mac,The Eagles
Classic Rock,Elvis Presley,Johnny Cash
Classic Rock,Queen,Pink Floyd
Classic Rock,AC/DC,Guns N' Roses
Classic Rock,Bob Dylan,Neil Young
Classic Rock,The Beatles,The Beach Boys
Classic Rock,David Bowie,Freddie Mercury
Current Music,Taylor Swift,Olivia Rodrigo
Current Music,Billie Eilish,Olivia Rodrigo
Current Music,Ariana Grande,Selena Gomez
Current Music,The Weeknd,Bad Bunny
Current Music,Doja Cat,Nicki Minaj
Current Music,Travis Scott,Playboi Carti
Current Music,Sabrina Carpenter,Olivia Rodrigo
Current Music,Ice Spice,Latto
Current Music,Post Malone,Morgan Wallen
Current Music,SZA,Summer Walker
Current Music,Bad Bunny,J Balvin
Current Music,Drake,Kendrick Lamar
Current Music,Chappell Roan,Sabrina Carpenter
Current Music,Kendrick Lamar,J. Cole
Pokemon,Pikachu,Charizard
Pokemon,Pokemon,Digimon
Pokemon,Pikachu,Eevee
Pokemon,Charizard,Blastoise
Pokemon,Ash Ketchum,Red
Pokemon,Squirtle,Bulbasaur
Pokemon,Mewtwo,Mew
Pokemon,Gengar,Snorlax
Fitness,Chest Day,Leg Day
Fitness,Cardio,Weightlifting
Fitness,Push Day,Pull Day
Fitness,Arm Day,Ab Day
Fitness,Running,Lifting Weights
Fitness,Free Weights,Machines
Fitness,Yoga,Pilates
Fitness,CrossFit,Powerlifting
Fitness,Rest Day,Extra Workout Day
Fitness,Gym Workouts,Home Workouts
Fitness,Protein Shakes,Whole Food Meals
Fitness,Morning Gym Session,Night Gym Session
Basketball,Luka Doncic,Cooper Flagg
Basketball,LeBron James,Stephen Curry
Basketball,Victor Wembanyama,Luka Doncic
Basketball,Caitlin Clark,Angel Reese
Basketball,Stephen Curry,Luka Doncic
Basketball,Michael Jordan,Kobe Bryant
Basketball,Giannis Antetokounmpo,Joel Embiid
Wildcard,A Shirt Soaked in Maple Syrup All Day,A Shirt Soaked in Ranch Dressing All Day
Wildcard,A Sock Full of Pudding,A Shoe Full of Jell-O
Wildcard,Spaghetti for Hair,Twizzlers for Fingers
Wildcard,A Permanent Kazoo Voice,A Permanent Whisper Voice
Wildcard,Sneezing Confetti,Sneezing Glitter
Wildcard,Farting Bubbles,Burping Sparkles
Wildcard,A Nose That Honks Like a Horn,Ears That Ring Like a Bell
Wildcard,Walking Backwards Forever,Talking Backwards Forever
Wildcard,A Permanent Wet Sock Feeling,A Permanent Sand-in-Your-Shoes Feeling
Wildcard,Only Eating Room Temperature Food,Only Eating Ice Cold Food
Wildcard,A Tail That Wags When You're Happy,Ears That Perk Up When You're Curious
Wildcard,Hiccups That Sound Like a Duck,A Laugh That Sounds Like a Seal
Wildcard,A Static Shock Every Doorknob,A Wet Willy Every Handshake
Wildcard,A Cloud of Gnats Following You,A Cloud of Confetti Following You
Wildcard,A Permanent Hiccup,A Permanent Itchy Nose
Wildcard,Shoes That Squeak With Every Step,A Chair That Squeaks Every Time You Move
Wildcard,A Voice That Echoes Everywhere,A Shadow That's Always Late
Wildcard,Eating a Popsicle in Winter,Eating Soup in Summer
Wildcard,A Permanent Wedgie,A Permanent Bad Hair Day
Wildcard,Autotune Voice Forever,Elevator Music Following You Everywhere
